text,confidence(negative),confidence(positive),prediction(Sentiment)
forreal point FaceTime screen shots think got ,0.6701567740626996,0.3298432259373004,negative
Comedy club watching great time JB crew ,0.4831915591588361,0.5168084408411638,positive
Congrats make proud follow ,0.5569569713638257,0.44304302863617423,negative
wondered Floyd Biebs became pals story starts ,0.6604009847631912,0.33959901523680874,negative
said killed tonight dying Thx man youve see big shows Crazy times ,0.6311683220608395,0.3688316779391605,negative
lmfao,0.5764062536588519,0.42359374634114816,negative
Portrait Biebs Young Man Winter Oakland Art Walk cc ,0.507374157393206,0.49262584260679393,negative
why creeping creeping ,0.7096621727551307,0.2903378272448694,negative
miss,0.6878038609871068,0.3121961390128932,negative
