text,confidence(negative),confidence(positive),prediction(Sentiment)
Follow fav app selfie God ,0.5073799250796178,0.4926200749203821,negative
Shout Champ traffic retweets ,0.6562794344197977,0.3437205655802022,negative
miss,0.34001053210753873,0.6599894678924613,positive
Hey man mind fans retweet Including please ,0.4710899797766129,0.5289100202233871,positive
Johnny great job ,0.6323847344140568,0.3676152655859431,negative
thx John Im glad liked bro ,0.7202852300826027,0.27971476991739735,negative
serious fans yo ,0.5626770064759715,0.4373229935240285,negative
Apparently ppl shared Twitter loves cc ,0.7512985545706758,0.24870144542932415,negative
WATCH ACOUSTIC VERSION SINGLE DRUNK Pass follow RTRTRT ,0.5381589725049144,0.4618410274950856,negative
